<?xml version="1.0" encoding="UTF-8" standalone="yes"?>
<addon id="repository.indiankodi" name="Indian Kodi" version="1.4" provider-name="Indian Kodi">
	<extension point="xbmc.addon.repository" name="Indian Kodi">
		<info compressed="false">http://offshoregit.com/ddshd/addons.xml</info>
		<checksum>http://offshoregit.com/ddshd/addons.xml.md5</checksum>
		<datadir zip="true">http://offshoregit.com/ddshd/</datadir>
	</extension>
	<extension point="xbmc.addon.metadata">
		<summary>Full of Indian goodness.</summary>
		<description>Full of Indian goodness!</description>
		<disclaimer>The repository just includes modified versions of exisitng plugins. We DO NOT encourage piracy. If you need any content from one of these plugins removed please contact their orignial authors as we have no control over what type of content is shownup.</disclaimer>
		<platform>all</platform>
	</extension>
</addon>